{
  "r2": 0.9999999999998147,
  "mse": 1.0232087419429554e-08,
  "mae": 8.235164421114642e-05
}