{
  "r2": 1.0,
  "mse": 3.58444932106312e-23,
  "mae": 2.7284841053187847e-12
}