{
  "r2": 0.9999999999999989,
  "mse": 4.316734584937169e-20,
  "mae": 9.322594179428756e-11
}