{
  "r2": -27.295884367087385,
  "mse": 15892.64682677903,
  "mae": 64.34189645195038
}