{
  "r2": 0.8912366339074022,
  "mse": 0.0014086398656887867,
  "rmsle": 0.026946769044342067,
  "symbolic_match": false
}