{
  "r2": 0.8227074077935309,
  "mse": 14538579.197942752,
  "mae": 2107.790525524445
}