{
  "r2": 1.0,
  "mse": 3.855471007420198e-33,
  "mae": 2.5673907444456746e-17
}