{
  "r2": 0.9999999999110519,
  "mse": 0.6622213516201987,
  "rmsle": 6.713465076283724e-06,
  "symbolic_match": false
}