{
  "r2": 0.999999996606506,
  "mse": 3.4495196548326634e-15,
  "rmsle": 5.855256273966731e-08,
  "symbolic_match": false
}