{
  "r2": 0.9999999948071961,
  "mse": 0.010715060119743488,
  "rmsle": 0.00023464274951195957,
  "symbolic_match": false
}