{
  "r2": 0.9999999999999923,
  "mse": 3.957334019952691,
  "mae": 1.0571375736151822
}