{
  "r2": 0.9999999993342659,
  "mse": 1.851245761432948e-10,
  "rmsle": 7.329594065167777e-06,
  "symbolic_match": true
}