{
  "r2": 1.0,
  "mse": 2.6467926830384155e-30,
  "rmsle": 1.4332917616497527e-16,
  "symbolic_match": true
}