{
  "r2": 0.9990887613206837,
  "mse": 0.0752025578011929,
  "mae": 0.23514366735479414
}