{
  "r2": 0.9999999999999832,
  "mse": 6.150306300743053e-13,
  "rmsle": 8.777917733435906e-08,
  "symbolic_match": false
}