{
  "r2": 1.0,
  "mse": 2.852347434506309e-26,
  "rmsle": 8.241314332250413e-16,
  "symbolic_match": false
}