{
  "r2": 0.9999999999495324,
  "mse": 4.742413377630634,
  "rmsle": 4.207630880713645e-06,
  "symbolic_match": true
}