{
  "r2": 1.0,
  "mse": 2.9856050234335843e-26,
  "mae": 1.2278178473934532e-13
}